Workbook
Name conteo2: OFFSET(Hoja2!$B$1,1,0,COUNTA(Hoja2!$B$1:$B$4939))
Name conteo3: OFFSET(Hoja3!$B$1,1,0,COUNTA(Hoja3!$B$1:$B$4837))
Name fecha2: OFFSET(Hoja2!$A$1,1,0,COUNTA(Hoja2!$A$1:$A$4939))
Name fecha3: OFFSET(Hoja3!$A$1,1,0,COUNTA(Hoja3!$A$1:$A$4837))

Sheet Hoja1
C1: Intercepta Uruguay
A2: CLIENTE: Boremix | D2: MES: | E2: {=+LEFT(MID(CELL("nombrearchivo"),FIND("[",CELL("nombrearchivo"))+1,500),FIND("-",MID(CELL("nombrearchivo"),FIND("[",CELL("nombrearchivo"))+1,500))-1)} -> Abril 2026
A4: Fecha | B4: Entrada | C4: Salida | D4: Conteo palomas | E4: Observaciones
A5: 46114 | B5: 0.64583333 | C5: 0.6875 | D5: 2 | E5: Se trabaja correctamente
A6: 46118 | B6: 0.66666667 | C6: 0.70833333 | D6: 1 | E6: Se trabaja correctamente
A7: 46119 | B7: 0.72916667 | C7: 0.77083333 | D7: 1 | E7: Se trabaja correctamente
A8: 46121 | B8: 0.77083333 | C8: 0.8125 | D8: 0 | E8: Se trabaja correctamente
A9: 46125 | B9: 0.72916667 | C9: 0.77083333 | D9: 0 | E9: Se trabaja correctamente
A10: 46127 | B10: 0.79166667 | C10: 0.83333333 | D10: 1 | E10: Se trabaja correctamente
A11: 46128 | B11: 0.6875 | C11: 0.72916667 | D11: 1 | E11: Se trabaja correctamente
A12: 46133 | B12: 0.72916667 | C12: 0.77083333 | D12: 0 | E12: Se trabaja correctamente
A13: 46134 | B13: 0.72916667 | C13: 0.77083333 | D13: 0 | E13: Se trabaja correctamente
A14: 46135 | B14: 0.66666667 | C14: 0.70833333 | D14: 0 | E14: Se trabaja correctamente
A15: 46139 | B15: 0.75 | C15: 0.79166667 | D15: 1 | E15: Se trabaja correctamente
A16: 46140 | B16: 0.72916667 | C16: 0.75 | D16: 1 | E16: Se trabaja correctamente
A17: 46141 | B17: 0.75 | C17: 0.79166667 | D17: 1 | E17: Se trabaja correctamente
E18: Total de palomas capturadas: 0
E19: Total de nidos sacados:0
A21: GRAFICO MENSUAL
A39: GRAFICO TOTAL
A57: Paloma: Columba livia | E57: Intercepta Uruguay
E58: Manuel Maier

Sheet Hoja2
A2: =+Hoja1!A5 -> 46114 | B2: =+Hoja1!D5 -> 2
A3: =+Hoja1!A6 -> 46118 | B3: =+Hoja1!D6 -> 1
A4: =+Hoja1!A7 -> 46119 | B4: =+Hoja1!D7 -> 1
A5: =+Hoja1!A8 -> 46121 | B5: =+Hoja1!D8 -> 0
A6: =+Hoja1!A9 -> 46125 | B6: =+Hoja1!D9 -> 0
A7: =+Hoja1!A10 -> 46127 | B7: =+Hoja1!D10 -> 1
A8: =+Hoja1!A11 -> 46128 | B8: =+Hoja1!D11 -> 1
A9: =+Hoja1!A12 -> 46133 | B9: =+Hoja1!D12 -> 0
A10: =+Hoja1!A13 -> 46134 | B10: =+Hoja1!D13 -> 0
A11: =+Hoja1!A14 -> 46135 | B11: =+Hoja1!D14 -> 0
A12: =+Hoja1!A15 -> 46139 | B12: =+Hoja1!D15 -> 1
A13: =+Hoja1!A16 -> 46140 | B13: =+Hoja1!D16 -> 1
A14: =+Hoja1!A17 -> 46141 | B14: =+Hoja1!D17 -> 1

Sheet Hoja3
A1: 44334 | B1: 30
A2: 44336 | B2: 25
A3: 44337 | B3: 25
A4: 44341 | B4: 20
A5: 44342 | B5: 20
A6: 44343 | B6: 20
A7: 44348 | B7: 15
A8: 44350 | B8: 10
A9: 44354 | B9: 10
A10: 44356 | B10: 9
A11: 44357 | B11: 12
A12: 44361 | B12: 11
... A731: 46112 | B731: 1
A732: =+Hoja2!A2 -> 46114 | B732: =+Hoja2!B2 -> 2
A733: =+Hoja2!A3 -> 46118 | B733: =+Hoja2!B3 -> 1
A734: =+Hoja2!A4 -> 46119 | B734: =+Hoja2!B4 -> 1
A735: =+Hoja2!A5 -> 46121 | B735: =+Hoja2!B5 -> 0
A736: =+Hoja2!A6 -> 46125 | B736: =+Hoja2!B6 -> 0
A737: =+Hoja2!A7 -> 46127 | B737: =+Hoja2!B7 -> 1
A738: =+Hoja2!A8 -> 46128 | B738: =+Hoja2!B8 -> 1
A739: =+Hoja2!A9 -> 46133 | B739: =+Hoja2!B9 -> 0
A740: =+Hoja2!A10 -> 46134 | B740: =+Hoja2!B10 -> 0
A741: =+Hoja2!A11 -> 46135 | B741: =+Hoja2!B11 -> 0
A742: =+Hoja2!A12 -> 46139 | B742: =+Hoja2!B12 -> 1
A743: =+Hoja2!A13 -> 46140 | B743: =+Hoja2!B13 -> 1
A744: =+Hoja2!A14 -> 46141 | B744: =+Hoja2!B14 -> 1
